{
    "zanrovi": {
        "-1": {
            "naziv": "Komedija",
            "idZanr": "-komedije"
        },
        "-2": {
            "naziv": "Akcija",
            "idZanr": "-akcije"
        },
        "-3": {
            "naziv": "Horor",
            "idZanr": "-horori"
        },
        "-4": {
            "naziv": "Romantika",
            "idZanr": "-romantike"
        }

    },
    "idZanr": {
        "-komedije": {
            "-mrrobot": {
                "naziv": "Mr robot",
                "epizode": "30",
                "opis": "Tura \"Beograd vaš domaćin\" je tura razgledanja grada, kapaciteta 90 mesta (60 na otvorenom i 30 u zatvorenom delu),  iz otvorenog turističkog autobusa za panoramsko razgledanje grada, opremljen audio-vodičem.Tura razgledanja grada otvorenim autobusom traje 70 minuta. Minimalan broj putnika za realizaciju ture je 15. TRASA ZA TURISTIČKI AUTOBUS: Bulevar Kralja Aleksandra (u zoni Pionirskog parka)-Kneza Miloša-Bulevar Kneza Aleksandra Karađorđevića-Dr.Milutina Ivkovića-Trg Oslobođenja-Autokomanda-Bulevar oslobođenja-Trg Slavija–Kralja Milana-Terazije-Kolarčeva-Trg republike-Vasina-Uzun Mirkova-Tadeuša Košćuškog-Cara Dušana-Bulevar Vojvode Bojovića-Pariska-Kneza Sime Markovića-Pop Lukina-Brankov most-Bulevar Nikole Tesle-Ušće-Bulevar Mihaila Pupina-Brankov Most-Brankova-Prizrenska-Terazije- Bulevar Kralja Aleksandra (u zoni Pionirskog parka).",
                "slika": "./../mrrobot.jfif",
                "ocena": 4.09,
                "ocene": [0, 2, 4, 7, 10],
                "trailer": "https://www.youtube.com/watch?v=cajLoaFl2Zo"
            },
            "-euphoria": {
                "naziv": "Euphoria",
                "epizode": "16",
                "opis": "Rue is a 17 year old drug addict, with mental health issues and her life hasn't been going according to plan. After being released from rehab, Rue goes back home, and befriends a trans woman named Jules, who's about to change everything about her world. Euphoria delves deep into the world of sex, drugs, flashy makeup and believe it or not, high school.",
                "slika": "./../euphoria.jpg",
                "ocena": 4.18,
                "ocene": [1, 0, 2, 10, 9],
                "trailer": "https://www.youtube.com/watch?v=cajLoaFl2Zo"
            },
            "-umbrella": {
                "naziv": "Academy",
                "epizode": "35",
                "opis": "Tura \"Lasta open tour\" je tura razgledanja grada, kapaciteta 60 mesta,  iz otvorenog turističkog autobusa za panoramsko razgledanje grada, opremljen audio-vodičem na osam svetskih jezika. Trajanje ture je oko 90 minuta u toku koje se preko audio-vodica moze cuti prica o bogatoj istoriji i kulturi glavnog grada Srbije, Beograda.",
                "slika": "https://i.imgur.com/fszpXAE.jpg",
                "ocena": 4.81,
                "ocene": [0, 0, 1, 3, 23],
                "trailer": "https://www.youtube.com/watch?v=cajLoaFl2Zo"
            },
            "-peaky": {
                "naziv": "Peaky blinders",
                "epizode": "16",
                "opis": "Tura \"Lasta open tour\" je tura razgledanja grada, kapaciteta 60 mesta,  iz otvorenog turističkog autobusa za panoramsko razgledanje grada, opremljen audio-vodičem na osam svetskih jezika. Trajanje ture je oko 90 minuta u toku koje se preko audio-vodica moze cuti prica o bogatoj istoriji i kulturi glavnog grada Srbije, Beograda.",
                "slika": "./../peaky-blinders-1.jpg",
                "ocena": 4.81,
                "ocene": [0, 0, 1, 3, 23],
                "trailer": "https://www.youtube.com/watch?v=cajLoaFl2Zo"
            }
        },
        "-akcija": {
            "-arcane": {
                "naziv": "Arcane",
                "epizode": "16",
                "opis": "Tura \"Lasta open tour\" je tura razgledanja grada, kapaciteta 60 mesta,  iz otvorenog turističkog autobusa za panoramsko razgledanje grada, opremljen audio-vodičem na osam svetskih jezika. Trajanje ture je oko 90 minuta u toku koje se preko audio-vodica moze cuti prica o bogatoj istoriji i kulturi glavnog grada Srbije, Beograda.",
                "slika": "https://i.imgur.com/fszpXAE.jpg",
                "ocena": 4.09,
                "ocene": [0, 2, 4, 7, 10],
                "trailer": "https://www.youtube.com/watch?v=cajLoaFl2Zo"
            },
            "-queens": {
                "naziv": "Queens gambit",
                "epizode": "8",
                "opis": "Tura \"Lasta open tour\" je tura razgledanja grada, kapaciteta 60 mesta,  iz otvorenog turističkog autobusa za panoramsko razgledanje grada, opremljen audio-vodičem na osam svetskih jezika. Trajanje ture je oko 90 minuta u toku koje se preko audio-vodica moze cuti prica o bogatoj istoriji i kulturi glavnog grada Srbije, Beograda.",
                "slika": "https://i.imgur.com/fszpXAE.jpg",
                "ocena": 4.09,
                "ocene": [0, 2, 4, 7, 10],
                "trailer": "https://www.youtube.com/watch?v=cajLoaFl2Zo"
            },
            "-visavis": {
                "naziv": "Vis a vis",
                "epizode": "16",
                "opis": "Tura \"Lasta open tour\" je tura razgledanja grada, kapaciteta 60 mesta,  iz otvorenog turističkog autobusa za panoramsko razgledanje grada, opremljen audio-vodičem na osam svetskih jezika. Trajanje ture je oko 90 minuta u toku koje se preko audio-vodica moze cuti prica o bogatoj istoriji i kulturi glavnog grada Srbije, Beograda.",
                "slika": "https://i.imgur.com/fszpXAE.jpg",
                "ocena": 4.09,
                "ocene": [0, 2, 4, 7, 10],
                "trailer": "https://www.youtube.com/watch?v=cajLoaFl2Zo"
            }

        },
        "-romantika": {
            "-startup": {
                "naziv": "Startup",
                "epizode": "16",
                "opis": "Tura \"Lasta open tour\" je tura razgledanja grada, kapaciteta 60 mesta,  iz otvorenog turističkog autobusa za panoramsko razgledanje grada, opremljen audio-vodičem na osam svetskih jezika. Trajanje ture je oko 90 minuta u toku koje se preko audio-vodica moze cuti prica o bogatoj istoriji i kulturi glavnog grada Srbije, Beograda.",
                "slika": "https://i.imgur.com/fszpXAE.jpg",
                "ocena": 4.23,
                "ocene": [0, 2, 4, 3, 13],
                "trailer": "https://www.youtube.com/watch?v=cajLoaFl2Zo"
            },
            "-elite": {
                "naziv": "Elite",
                "epizode": "16",
                "opis": "Tura \"Lasta open tour\" je tura razgledanja grada, kapaciteta 60 mesta,  iz otvorenog turističkog autobusa za panoramsko razgledanje grada, opremljen audio-vodičem na osam svetskih jezika. Trajanje ture je oko 90 minuta u toku koje se preko audio-vodica moze cuti prica o bogatoj istoriji i kulturi glavnog grada Srbije, Beograda.",
                "slika": "https://i.imgur.com/fszpXAE.jpg",
                "ocena": 4.81,
                "ocene": [0, 0, 1, 3, 23],
                "trailer": "https://www.youtube.com/watch?v=cajLoaFl2Zo"
            }
        },
        "-horor": {
            "-haunting": {
                "naziv": "Hill house",
                "epizode": "16",
                "opis": "Tura \"Lasta open tour\" je tura razgledanja grada, kapaciteta 60 mesta,  iz otvorenog turističkog autobusa za panoramsko razgledanje grada, opremljen audio-vodičem na osam svetskih jezika. Trajanje ture je oko 90 minuta u toku koje se preko audio-vodica moze cuti prica o bogatoj istoriji i kulturi glavnog grada Srbije, Beograda.",
                "slika": "https://i.imgur.com/fszpXAE.jpg",
                "ocena": 4.23,
                "ocene": [0, 2, 4, 3, 13],
                "trailer": "https://www.youtube.com/watch?v=cajLoaFl2Zo"
            },
            "-ahs": {
                "naziv": "AHS",
                "epizode": "16",
                "opis": "Tura \"Lasta open tour\" je tura razgledanja grada, kapaciteta 60 mesta,  iz otvorenog turističkog autobusa za panoramsko razgledanje grada, opremljen audio-vodičem na osam svetskih jezika. Trajanje ture je oko 90 minuta u toku koje se preko audio-vodica moze cuti prica o bogatoj istoriji i kulturi glavnog grada Srbije, Beograda.",
                "slika": "https://i.imgur.com/fszpXAE.jpg",
                "ocena": 4.81,
                "ocene": [0, 0, 1, 3, 23],
                "trailer": "https://www.youtube.com/watch?v=cajLoaFl2Zo"
            }
        }

    },
    "popularno": {
            "-mrrobot": {
                "naziv": "Mr robot",
                "epizode": "30",
                "opis": "Tura \"Beograd vaš domaćin\" je tura razgledanja grada, kapaciteta 90 mesta (60 na otvorenom i 30 u zatvorenom delu),  iz otvorenog turističkog autobusa za panoramsko razgledanje grada, opremljen audio-vodičem.Tura razgledanja grada otvorenim autobusom traje 70 minuta. Minimalan broj putnika za realizaciju ture je 15. TRASA ZA TURISTIČKI AUTOBUS: Bulevar Kralja Aleksandra (u zoni Pionirskog parka)-Kneza Miloša-Bulevar Kneza Aleksandra Karađorđevića-Dr.Milutina Ivkovića-Trg Oslobođenja-Autokomanda-Bulevar oslobođenja-Trg Slavija–Kralja Milana-Terazije-Kolarčeva-Trg republike-Vasina-Uzun Mirkova-Tadeuša Košćuškog-Cara Dušana-Bulevar Vojvode Bojovića-Pariska-Kneza Sime Markovića-Pop Lukina-Brankov most-Bulevar Nikole Tesle-Ušće-Bulevar Mihaila Pupina-Brankov Most-Brankova-Prizrenska-Terazije- Bulevar Kralja Aleksandra (u zoni Pionirskog parka).",
                "slika": "./../mrrobot.jfif",
                "ocena": 4.09,
                "ocene": [0, 2, 4, 7, 10],
                "trailer": "https://www.youtube.com/watch?v=cajLoaFl2Zo"
            },
            "-euphoria": {
                "naziv": "Euphoria",
                "epizode": "16",
                "opis": "Rue is a 17 year old drug addict, with mental health issues and her life hasn't been going according to plan. After being released from rehab, Rue goes back home, and befriends a trans woman named Jules, who's about to change everything about her world. Euphoria delves deep into the world of sex, drugs, flashy makeup and believe it or not, high school.",
                "slika": "./../euphoria.jpg",
                "ocena": 4.18,
                "ocene": [1, 0, 2, 10, 9],
                "trailer": "https://www.youtube.com/watch?v=cajLoaFl2Zo"
            },
            "-umbrella": {
                "naziv": "Academy",
                "epizode": "35",
                "opis": "Tura \"Lasta open tour\" je tura razgledanja grada, kapaciteta 60 mesta,  iz otvorenog turističkog autobusa za panoramsko razgledanje grada, opremljen audio-vodičem na osam svetskih jezika. Trajanje ture je oko 90 minuta u toku koje se preko audio-vodica moze cuti prica o bogatoj istoriji i kulturi glavnog grada Srbije, Beograda.",
                "slika": "https://i.imgur.com/fszpXAE.jpg",
                "ocena": 4.81,
                "ocene": [0, 0, 1, 3, 23],
                "trailer": "https://www.youtube.com/watch?v=cajLoaFl2Zo"
            },
            "-peaky": {
                "naziv": "Peaky blinders",
                "epizode": "16",
                "opis": "Tura \"Lasta open tour\" je tura razgledanja grada, kapaciteta 60 mesta,  iz otvorenog turističkog autobusa za panoramsko razgledanje grada, opremljen audio-vodičem na osam svetskih jezika. Trajanje ture je oko 90 minuta u toku koje se preko audio-vodica moze cuti prica o bogatoj istoriji i kulturi glavnog grada Srbije, Beograda.",
                "slika": "https://i.imgur.com/fszpXAE.jpg",
                "ocena": 4.81,
                "ocene": [0, 0, 1, 3, 23],
                "trailer": "https://www.youtube.com/watch?v=cajLoaFl2Zo"
            },
            "-arcane": {
                "naziv": "Arcane",
                "epizode": "16",
                "opis": "Tura \"Lasta open tour\" je tura razgledanja grada, kapaciteta 60 mesta,  iz otvorenog turističkog autobusa za panoramsko razgledanje grada, opremljen audio-vodičem na osam svetskih jezika. Trajanje ture je oko 90 minuta u toku koje se preko audio-vodica moze cuti prica o bogatoj istoriji i kulturi glavnog grada Srbije, Beograda.",
                "slika": "https://i.imgur.com/fszpXAE.jpg",
                "ocena": 4.09,
                "ocene": [0, 2, 4, 7, 10],
                "trailer": "https://www.youtube.com/watch?v=cajLoaFl2Zo"
            },
            "-queens": {
                "naziv": "Queens gambit",
                "epizode": "8",
                "opis": "Tura \"Lasta open tour\" je tura razgledanja grada, kapaciteta 60 mesta,  iz otvorenog turističkog autobusa za panoramsko razgledanje grada, opremljen audio-vodičem na osam svetskih jezika. Trajanje ture je oko 90 minuta u toku koje se preko audio-vodica moze cuti prica o bogatoj istoriji i kulturi glavnog grada Srbije, Beograda.",
                "slika": "https://i.imgur.com/fszpXAE.jpg",
                "ocena": 4.09,
                "ocene": [0, 2, 4, 7, 10],
                "trailer": "https://www.youtube.com/watch?v=cajLoaFl2Zo"
            },
            "-visavis": {
                "naziv": "Vis a vis",
                "epizode": "16",
                "opis": "Tura \"Lasta open tour\" je tura razgledanja grada, kapaciteta 60 mesta,  iz otvorenog turističkog autobusa za panoramsko razgledanje grada, opremljen audio-vodičem na osam svetskih jezika. Trajanje ture je oko 90 minuta u toku koje se preko audio-vodica moze cuti prica o bogatoj istoriji i kulturi glavnog grada Srbije, Beograda.",
                "slika": "https://i.imgur.com/fszpXAE.jpg",
                "ocena": 4.09,
                "ocene": [0, 2, 4, 7, 10],
                "trailer": "https://www.youtube.com/watch?v=cajLoaFl2Zo"
            },
            "-startup": {
                "naziv": "Startup",
                "epizode": "16",
                "opis": "Tura \"Lasta open tour\" je tura razgledanja grada, kapaciteta 60 mesta,  iz otvorenog turističkog autobusa za panoramsko razgledanje grada, opremljen audio-vodičem na osam svetskih jezika. Trajanje ture je oko 90 minuta u toku koje se preko audio-vodica moze cuti prica o bogatoj istoriji i kulturi glavnog grada Srbije, Beograda.",
                "slika": "https://i.imgur.com/fszpXAE.jpg",
                "ocena": 4.23,
                "ocene": [0, 2, 4, 3, 13],
                "trailer": "https://www.youtube.com/watch?v=cajLoaFl2Zo"
            },
            "-elite": {
                "naziv": "Elite",
                "epizode": "16",
                "opis": "Tura \"Lasta open tour\" je tura razgledanja grada, kapaciteta 60 mesta,  iz otvorenog turističkog autobusa za panoramsko razgledanje grada, opremljen audio-vodičem na osam svetskih jezika. Trajanje ture je oko 90 minuta u toku koje se preko audio-vodica moze cuti prica o bogatoj istoriji i kulturi glavnog grada Srbije, Beograda.",
                "slika": "https://i.imgur.com/fszpXAE.jpg",
                "ocena": 4.81,
                "ocene": [0, 0, 1, 3, 23],
                "trailer": "https://www.youtube.com/watch?v=cajLoaFl2Zo"
            },
            "-haunting": {
                "naziv": "Hill house",
                "epizode": "16",
                "opis": "Tura \"Lasta open tour\" je tura razgledanja grada, kapaciteta 60 mesta,  iz otvorenog turističkog autobusa za panoramsko razgledanje grada, opremljen audio-vodičem na osam svetskih jezika. Trajanje ture je oko 90 minuta u toku koje se preko audio-vodica moze cuti prica o bogatoj istoriji i kulturi glavnog grada Srbije, Beograda.",
                "slika": "https://i.imgur.com/fszpXAE.jpg",
                "ocena": 4.23,
                "ocene": [0, 2, 4, 3, 13],
                "trailer": "https://www.youtube.com/watch?v=cajLoaFl2Zo"
            },
            "-ahs": {
                "naziv": "AHS",
                "epizode": "16",
                "opis": "Tura \"Lasta open tour\" je tura razgledanja grada, kapaciteta 60 mesta,  iz otvorenog turističkog autobusa za panoramsko razgledanje grada, opremljen audio-vodičem na osam svetskih jezika. Trajanje ture je oko 90 minuta u toku koje se preko audio-vodica moze cuti prica o bogatoj istoriji i kulturi glavnog grada Srbije, Beograda.",
                "slika": "https://i.imgur.com/fszpXAE.jpg",
                "ocena": 4.81,
                "ocene": [0, 0, 1, 3, 23],
                "trailer": "https://www.youtube.com/watch?v=cajLoaFl2Zo"
            }
        

    }
}